{"_via_settings":{"ui":{"annotation_editor_height":25,"annotation_editor_fontsize":0.8,"leftsidebar_width":18,"image_grid":{"img_height":80,"rshape_fill":"none","rshape_fill_opacity":0.3,"rshape_stroke":"yellow","rshape_stroke_width":2,"show_region_shape":true,"show_image_policy":"all"},"image":{"region_label":"__via_region_id__","region_color":"__via_default_region_color__","region_label_font":"10px Sans","on_image_annotation_editor_placement":"NEAR_REGION"}},"core":{"buffer_size":18,"filepath":{},"default_filepath":""},"project":{"name":"via_project_7Mar2022_17h39m"}},"_via_img_metadata":{"ball.0ac94f2f-8330-11ec-8cb0-aa5c210d7cb4.jpg106153":{"filename":"ball.0ac94f2f-8330-11ec-8cb0-aa5c210d7cb4.jpg","size":106153,"regions":[{"shape_attributes":{"name":"rect","x":200,"y":164,"width":56,"height":51},"region_attributes":{"name":"not_defined","type":"unknown","image_quality":{"good":true,"frontal":true,"good_illumination":true}}}],"file_attributes":{"caption":"","public_domain":"no","image_url":""}},"ball.0c01533e-8330-11ec-97db-aa5c210d7cb4.jpg104560":{"filename":"ball.0c01533e-8330-11ec-97db-aa5c210d7cb4.jpg","size":104560,"regions":[{"shape_attributes":{"name":"rect","x":197,"y":74,"width":62,"height":62},"region_attributes":{"name":"not_defined","type":"unknown","image_quality":{"good":true,"frontal":true,"good_illumination":true}}}],"file_attributes":{"caption":"","public_domain":"no","image_url":""}},"ball.0d392d42-8330-11ec-8d0d-aa5c210d7cb4.jpg105951":{"filename":"ball.0d392d42-8330-11ec-8d0d-aa5c210d7cb4.jpg","size":105951,"regions":[{"shape_attributes":{"name":"rect","x":195,"y":57,"width":68,"height":66},"region_attributes":{"name":"not_defined","type":"unknown","image_quality":{"good":true,"frontal":true,"good_illumination":true}}}],"file_attributes":{"caption":"","public_domain":"no","image_url":""}},"ball.1a779c36-8330-11ec-bd4e-aa5c210d7cb4.jpg96218":{"filename":"ball.1a779c36-8330-11ec-bd4e-aa5c210d7cb4.jpg","size":96218,"regions":[{"shape_attributes":{"name":"rect","x":143,"y":243,"width":109,"height":107},"region_attributes":{"name":"not_defined","type":"unknown","image_quality":{"good":true,"frontal":true,"good_illumination":true}}}],"file_attributes":{"caption":"","public_domain":"no","image_url":""}},"ball.1bb3de59-8330-11ec-a882-aa5c210d7cb4.jpg96527":{"filename":"ball.1bb3de59-8330-11ec-a882-aa5c210d7cb4.jpg","size":96527,"regions":[{"shape_attributes":{"name":"rect","x":165,"y":234,"width":100,"height":103},"region_attributes":{"name":"not_defined","type":"unknown","image_quality":{"good":true,"frontal":true,"good_illumination":true}}}],"file_attributes":{"caption":"","public_domain":"no","image_url":""}},"ball.1bfe11b7-8320-11ec-afbc-aa5c210d7cb4.jpg101302":{"filename":"ball.1bfe11b7-8320-11ec-afbc-aa5c210d7cb4.jpg","size":101302,"regions":[{"shape_attributes":{"name":"rect","x":66,"y":192,"width":343,"height":288},"region_attributes":{"name":"not_defined","type":"unknown","image_quality":{"good":true,"frontal":true,"good_illumination":true}}},{"shape_attributes":{"name":"rect","x":453,"y":176,"width":183,"height":302},"region_attributes":{"name":"not_defined","type":"unknown","image_quality":{"good":true,"frontal":true,"good_illumination":true}}}],"file_attributes":{"caption":"","public_domain":"no","image_url":""}},"ball.1e25c664-8330-11ec-a2ef-aa5c210d7cb4.jpg95173":{"filename":"ball.1e25c664-8330-11ec-a2ef-aa5c210d7cb4.jpg","size":95173,"regions":[{"shape_attributes":{"name":"rect","x":172,"y":220,"width":105,"height":108},"region_attributes":{"name":"not_defined","type":"unknown","image_quality":{"good":true,"frontal":true,"good_illumination":true}}}],"file_attributes":{"caption":"","public_domain":"no","image_url":""}},"ball.1f600772-8330-11ec-888e-aa5c210d7cb4.jpg94444":{"filename":"ball.1f600772-8330-11ec-888e-aa5c210d7cb4.jpg","size":94444,"regions":[{"shape_attributes":{"name":"rect","x":164,"y":226,"width":102,"height":104},"region_attributes":{"name":"not_defined","type":"unknown","image_quality":{"good":true,"frontal":true,"good_illumination":true}}}],"file_attributes":{"caption":"","public_domain":"no","image_url":""}},"ball.1fa6f4f8-8320-11ec-99f1-aa5c210d7cb4.jpg83294":{"filename":"ball.1fa6f4f8-8320-11ec-99f1-aa5c210d7cb4.jpg","size":83294,"regions":[{"shape_attributes":{"name":"rect","x":155,"y":327,"width":216,"height":151},"region_attributes":{"name":"not_defined","type":"unknown","image_quality":{"good":true,"frontal":true,"good_illumination":true}}},{"shape_attributes":{"name":"rect","x":403,"y":327,"width":217,"height":152},"region_attributes":{"name":"not_defined","type":"unknown","image_quality":{"good":true,"frontal":true,"good_illumination":true}}}],"file_attributes":{"caption":"","public_domain":"no","image_url":""}},"ball.2aa083d2-8320-11ec-967d-aa5c210d7cb4.jpg91560":{"filename":"ball.2aa083d2-8320-11ec-967d-aa5c210d7cb4.jpg","size":91560,"regions":[{"shape_attributes":{"name":"rect","x":246,"y":171,"width":277,"height":265},"region_attributes":{"name":"not_defined","type":"unknown","image_quality":{"good":true,"frontal":true,"good_illumination":true}}}],"file_attributes":{"caption":"","public_domain":"no","image_url":""}},"ball.3dd3c37d-8330-11ec-aa4a-aa5c210d7cb4.jpg94116":{"filename":"ball.3dd3c37d-8330-11ec-aa4a-aa5c210d7cb4.jpg","size":94116,"regions":[{"shape_attributes":{"name":"rect","x":198,"y":133,"width":115,"height":115},"region_attributes":{"name":"not_defined","type":"unknown","image_quality":{"good":true,"frontal":true,"good_illumination":true}}}],"file_attributes":{"caption":"","public_domain":"no","image_url":""}},"ball.3f0e2b8e-8330-11ec-b4a2-aa5c210d7cb4.jpg96754":{"filename":"ball.3f0e2b8e-8330-11ec-b4a2-aa5c210d7cb4.jpg","size":96754,"regions":[{"shape_attributes":{"name":"rect","x":163,"y":182,"width":137,"height":132},"region_attributes":{"name":"not_defined","type":"unknown","image_quality":{"good":true,"frontal":true,"good_illumination":true}}}],"file_attributes":{"caption":"","public_domain":"no","image_url":""}},"ball.4b402c45-8330-11ec-889c-aa5c210d7cb4.jpg103247":{"filename":"ball.4b402c45-8330-11ec-889c-aa5c210d7cb4.jpg","size":103247,"regions":[{"shape_attributes":{"name":"rect","x":234,"y":87,"width":41,"height":41},"region_attributes":{"name":"not_defined","type":"unknown","image_quality":{"good":true,"frontal":true,"good_illumination":true}}}],"file_attributes":{"caption":"","public_domain":"no","image_url":""}},"ball.4c7636cc-8330-11ec-842b-aa5c210d7cb4.jpg105863":{"filename":"ball.4c7636cc-8330-11ec-842b-aa5c210d7cb4.jpg","size":105863,"regions":[{"shape_attributes":{"name":"rect","x":383,"y":34,"width":44,"height":45},"region_attributes":{"name":"not_defined","type":"unknown","image_quality":{"good":true,"frontal":true,"good_illumination":true}}}],"file_attributes":{"caption":"","public_domain":"no","image_url":""}},"ball.4dacb4c5-8330-11ec-ae66-aa5c210d7cb4.jpg104198":{"filename":"ball.4dacb4c5-8330-11ec-ae66-aa5c210d7cb4.jpg","size":104198,"regions":[{"shape_attributes":{"name":"rect","x":393,"y":24,"width":47,"height":47},"region_attributes":{"name":"not_defined","type":"unknown","image_quality":{"good":true,"frontal":true,"good_illumination":true}}}],"file_attributes":{"caption":"","public_domain":"no","image_url":""}},"ball.4ee3850b-8330-11ec-9752-aa5c210d7cb4.jpg104002":{"filename":"ball.4ee3850b-8330-11ec-9752-aa5c210d7cb4.jpg","size":104002,"regions":[{"shape_attributes":{"name":"rect","x":300,"y":98,"width":76,"height":70},"region_attributes":{"name":"not_defined","type":"unknown","image_quality":{"good":true,"frontal":true,"good_illumination":true}}}],"file_attributes":{"caption":"","public_domain":"no","image_url":""}},"ball.5a235838-8320-11ec-8b39-aa5c210d7cb4.jpg107284":{"filename":"ball.5a235838-8320-11ec-8b39-aa5c210d7cb4.jpg","size":107284,"regions":[{"shape_attributes":{"name":"rect","x":152,"y":166,"width":187,"height":155},"region_attributes":{"name":"not_defined","type":"unknown","image_quality":{"good":true,"frontal":true,"good_illumination":true}}}],"file_attributes":{"caption":"","public_domain":"no","image_url":""}},"ball.5dccacd2-8320-11ec-a86e-aa5c210d7cb4.jpg111452":{"filename":"ball.5dccacd2-8320-11ec-a86e-aa5c210d7cb4.jpg","size":111452,"regions":[{"shape_attributes":{"name":"rect","x":234,"y":14,"width":185,"height":189},"region_attributes":{"name":"not_defined","type":"unknown","image_quality":{"good":true,"frontal":true,"good_illumination":true}}}],"file_attributes":{"caption":"","public_domain":"no","image_url":""}},"ball.05eb057d-8330-11ec-8fe2-aa5c210d7cb4.jpg105400":{"filename":"ball.05eb057d-8330-11ec-8fe2-aa5c210d7cb4.jpg","size":105400,"regions":[{"shape_attributes":{"name":"rect","x":313,"y":201,"width":31,"height":30},"region_attributes":{"name":"not_defined","type":"unknown","image_quality":{"good":true,"frontal":true,"good_illumination":true}}}],"file_attributes":{"caption":"","public_domain":"no","image_url":""}},"ball.5f037e5e-8320-11ec-8f0a-aa5c210d7cb4.jpg97498":{"filename":"ball.5f037e5e-8320-11ec-8f0a-aa5c210d7cb4.jpg","size":97498,"regions":[{"shape_attributes":{"name":"rect","x":160,"y":299,"width":185,"height":177},"region_attributes":{"name":"not_defined","type":"unknown","image_quality":{"good":true,"frontal":true,"good_illumination":true}}}],"file_attributes":{"caption":"","public_domain":"no","image_url":""}},"ball.010a6521-8330-11ec-9815-aa5c210d7cb4.jpg101552":{"filename":"ball.010a6521-8330-11ec-9815-aa5c210d7cb4.jpg","size":101552,"regions":[{"shape_attributes":{"name":"rect","x":349,"y":443,"width":22,"height":22},"region_attributes":{"name":"not_defined","type":"unknown","image_quality":{"good":true,"frontal":true,"good_illumination":true}}}],"file_attributes":{"caption":"","public_domain":"no","image_url":""}},"ball.14a00e70-8320-11ec-b722-aa5c210d7cb4.jpg94038":{"filename":"ball.14a00e70-8320-11ec-b722-aa5c210d7cb4.jpg","size":94038,"regions":[{"shape_attributes":{"name":"rect","x":67,"y":340,"width":225,"height":139},"region_attributes":{"name":"not_defined","type":"unknown","image_quality":{"good":true,"frontal":true,"good_illumination":true}}},{"shape_attributes":{"name":"rect","x":316,"y":340,"width":204,"height":139},"region_attributes":{"name":"not_defined","type":"unknown","image_quality":{"good":true,"frontal":true,"good_illumination":true}}}],"file_attributes":{"caption":"","public_domain":"no","image_url":""}},"ball.20e03288-8320-11ec-b307-aa5c210d7cb4.jpg85708":{"filename":"ball.20e03288-8320-11ec-b307-aa5c210d7cb4.jpg","size":85708,"regions":[{"shape_attributes":{"name":"rect","x":121,"y":128,"width":215,"height":207},"region_attributes":{"name":"not_defined","type":"unknown","image_quality":{"good":true,"frontal":true,"good_illumination":true}}},{"shape_attributes":{"name":"rect","x":368,"y":127,"width":213,"height":207},"region_attributes":{"name":"not_defined","type":"unknown","image_quality":{"good":true,"frontal":true,"good_illumination":true}}}],"file_attributes":{"caption":"","public_domain":"no","image_url":""}},"ball.21d396e8-8330-11ec-b399-aa5c210d7cb4.jpg93903":{"filename":"ball.21d396e8-8330-11ec-b399-aa5c210d7cb4.jpg","size":93903,"regions":[{"shape_attributes":{"name":"rect","x":164,"y":224,"width":101,"height":101},"region_attributes":{"name":"not_defined","type":"unknown","image_quality":{"good":true,"frontal":true,"good_illumination":true}}}],"file_attributes":{"caption":"","public_domain":"no","image_url":""}},"ball.25be63af-8320-11ec-8962-aa5c210d7cb4.jpg104947":{"filename":"ball.25be63af-8320-11ec-8962-aa5c210d7cb4.jpg","size":104947,"regions":[{"shape_attributes":{"name":"rect","x":135,"y":251,"width":184,"height":180},"region_attributes":{"name":"not_defined","type":"unknown","image_quality":{"good":true,"frontal":true,"good_illumination":true}}},{"shape_attributes":{"name":"rect","x":348,"y":244,"width":184,"height":181},"region_attributes":{"name":"not_defined","type":"unknown","image_quality":{"good":true,"frontal":true,"good_illumination":true}}}],"file_attributes":{"caption":"","public_domain":"no","image_url":""}},"ball.42bacb63-8330-11ec-abda-aa5c210d7cb4.jpg112207":{"filename":"ball.42bacb63-8330-11ec-abda-aa5c210d7cb4.jpg","size":112207,"regions":[{"shape_attributes":{"name":"rect","x":308,"y":160,"width":72,"height":76},"region_attributes":{"name":"not_defined","type":"unknown","image_quality":{"good":true,"frontal":true,"good_illumination":true}}}],"file_attributes":{"caption":"","public_domain":"no","image_url":""}},"ball.43f3c3c3-8330-11ec-8cb1-aa5c210d7cb4.jpg108684":{"filename":"ball.43f3c3c3-8330-11ec-8cb1-aa5c210d7cb4.jpg","size":108684,"regions":[{"shape_attributes":{"name":"rect","x":231,"y":184,"width":56,"height":57},"region_attributes":{"name":"not_defined","type":"unknown","image_quality":{"good":true,"frontal":true,"good_illumination":true}}}],"file_attributes":{"caption":"","public_domain":"no","image_url":""}},"ball.48d19645-8330-11ec-8646-aa5c210d7cb4.jpg101657":{"filename":"ball.48d19645-8330-11ec-8646-aa5c210d7cb4.jpg","size":101657,"regions":[{"shape_attributes":{"name":"rect","x":273,"y":231,"width":48,"height":39},"region_attributes":{"name":"not_defined","type":"unknown","image_quality":{"good":true,"frontal":true,"good_illumination":true}}}],"file_attributes":{"caption":"","public_domain":"no","image_url":""}},"ball.52cecae4-8320-11ec-a8ec-aa5c210d7cb4.jpg113487":{"filename":"ball.52cecae4-8320-11ec-a8ec-aa5c210d7cb4.jpg","size":113487,"regions":[{"shape_attributes":{"name":"rect","x":177,"y":103,"width":200,"height":183},"region_attributes":{"name":"not_defined","type":"unknown","image_quality":{"good":true,"frontal":true,"good_illumination":true}}}],"file_attributes":{"caption":"","public_domain":"no","image_url":""}},"ball.53c064b2-8330-11ec-88b7-aa5c210d7cb4.jpg105951":{"filename":"ball.53c064b2-8330-11ec-88b7-aa5c210d7cb4.jpg","size":105951,"regions":[{"shape_attributes":{"name":"rect","x":419,"y":100,"width":72,"height":65},"region_attributes":{"name":"not_defined","type":"unknown","image_quality":{"good":true,"frontal":true,"good_illumination":true}}}],"file_attributes":{"caption":"","public_domain":"no","image_url":""}}},"_via_attributes":{"region":{"name":{"type":"text","description":"Name of the object","default_value":"not_defined"},"type":{"type":"dropdown","description":"Category of object","options":{"bird":"Bird","human":"Human","cup":"Cup (object)","unknown":"Unknown (object)"},"default_options":{"unknown":true}},"image_quality":{"type":"checkbox","description":"Quality of image region","options":{"blur":"Blurred region","good_illumination":"Good Illumination","frontal":"Object in Frontal View"},"default_options":{"good":true,"frontal":true,"good_illumination":true}}},"file":{"caption":{"type":"text","description":"","default_value":""},"public_domain":{"type":"radio","description":"","options":{"yes":"Yes","no":"No"},"default_options":{"no":true}},"image_url":{"type":"text","description":"","default_value":""}}},"_via_data_format_version":"2.0.10","_via_image_id_list":["ball.0ac94f2f-8330-11ec-8cb0-aa5c210d7cb4.jpg106153","ball.0c01533e-8330-11ec-97db-aa5c210d7cb4.jpg104560","ball.0d392d42-8330-11ec-8d0d-aa5c210d7cb4.jpg105951","ball.1a779c36-8330-11ec-bd4e-aa5c210d7cb4.jpg96218","ball.1bb3de59-8330-11ec-a882-aa5c210d7cb4.jpg96527","ball.1bfe11b7-8320-11ec-afbc-aa5c210d7cb4.jpg101302","ball.1e25c664-8330-11ec-a2ef-aa5c210d7cb4.jpg95173","ball.1f600772-8330-11ec-888e-aa5c210d7cb4.jpg94444","ball.1fa6f4f8-8320-11ec-99f1-aa5c210d7cb4.jpg83294","ball.2aa083d2-8320-11ec-967d-aa5c210d7cb4.jpg91560","ball.3dd3c37d-8330-11ec-aa4a-aa5c210d7cb4.jpg94116","ball.3f0e2b8e-8330-11ec-b4a2-aa5c210d7cb4.jpg96754","ball.4b402c45-8330-11ec-889c-aa5c210d7cb4.jpg103247","ball.4c7636cc-8330-11ec-842b-aa5c210d7cb4.jpg105863","ball.4dacb4c5-8330-11ec-ae66-aa5c210d7cb4.jpg104198","ball.4ee3850b-8330-11ec-9752-aa5c210d7cb4.jpg104002","ball.5a235838-8320-11ec-8b39-aa5c210d7cb4.jpg107284","ball.5dccacd2-8320-11ec-a86e-aa5c210d7cb4.jpg111452","ball.05eb057d-8330-11ec-8fe2-aa5c210d7cb4.jpg105400","ball.5f037e5e-8320-11ec-8f0a-aa5c210d7cb4.jpg97498","ball.010a6521-8330-11ec-9815-aa5c210d7cb4.jpg101552","ball.14a00e70-8320-11ec-b722-aa5c210d7cb4.jpg94038","ball.20e03288-8320-11ec-b307-aa5c210d7cb4.jpg85708","ball.21d396e8-8330-11ec-b399-aa5c210d7cb4.jpg93903","ball.25be63af-8320-11ec-8962-aa5c210d7cb4.jpg104947","ball.42bacb63-8330-11ec-abda-aa5c210d7cb4.jpg112207","ball.43f3c3c3-8330-11ec-8cb1-aa5c210d7cb4.jpg108684","ball.48d19645-8330-11ec-8646-aa5c210d7cb4.jpg101657","ball.52cecae4-8320-11ec-a8ec-aa5c210d7cb4.jpg113487","ball.53c064b2-8330-11ec-88b7-aa5c210d7cb4.jpg105951"]}